<Backups xmlns="http://www.microsoft.com/GroupPolicy/GPOOperations/Manifest" xmlns:mfst="http://www.microsoft.com/GroupPolicy/GPOOperations/Manifest" mfst:version="1.0"><BackupInst><GPOGuid><![CDATA[{2DB1FC73-BEA9-4A81-A5A8-D92F22896A9A}]]></GPOGuid><GPODomain><![CDATA[wgu1.com]]></GPODomain><GPODomainGuid><![CDATA[{bf56951f-980e-499d-b9e7-6061f502a540}]]></GPODomainGuid><GPODomainController><![CDATA[WIN-DL8YGSMNXQ1.wgu1.com]]></GPODomainController><BackupTime><![CDATA[2015-01-28T04:44:08]]></BackupTime><ID><![CDATA[{AC303C8A-6B60-45CB-9D6A-7831BE18C771}]]></ID><Comment><![CDATA[]]></Comment><GPODisplayName><![CDATA[WGU Vista]]></GPODisplayName></BackupInst><BackupInst><GPOGuid><![CDATA[{2DB1FC73-BEA9-4A81-A5A8-D92F22896A9A}]]></GPOGuid><GPODomain><![CDATA[wgu1.com]]></GPODomain><GPODomainGuid><![CDATA[{bf56951f-980e-499d-b9e7-6061f502a540}]]></GPODomainGuid><GPODomainController><![CDATA[WIN-DL8YGSMNXQ1.wgu1.com]]></GPODomainController><BackupTime><![CDATA[2015-01-28T04:29:56]]></BackupTime><ID><![CDATA[{B3774B5D-61D6-4B63-8F32-AB29A6B43B87}]]></ID><Comment><![CDATA[]]></Comment><GPODisplayName><![CDATA[WGU Vista]]></GPODisplayName></BackupInst><BackupInst><GPOGuid><![CDATA[{2DB1FC73-BEA9-4A81-A5A8-D92F22896A9A}]]></GPOGuid><GPODomain><![CDATA[wgu1.com]]></GPODomain><GPODomainGuid><![CDATA[{bf56951f-980e-499d-b9e7-6061f502a540}]]></GPODomainGuid><GPODomainController><![CDATA[WIN-DL8YGSMNXQ1.wgu1.com]]></GPODomainController><BackupTime><![CDATA[2015-01-26T00:03:38]]></BackupTime><ID><![CDATA[{80A6C15B-3E71-4686-951A-047BC43A2285}]]></ID><Comment><![CDATA[]]></Comment><GPODisplayName><![CDATA[WGU Vista]]></GPODisplayName></BackupInst></Backups>