<Backups xmlns="http://www.microsoft.com/GroupPolicy/GPOOperations/Manifest" xmlns:mfst="http://www.microsoft.com/GroupPolicy/GPOOperations/Manifest" mfst:version="1.0"><BackupInst><GPOGuid><![CDATA[{61DBCD11-895B-4165-A6C2-B5F8682E993F}]]></GPOGuid><GPODomain><![CDATA[wgu1.com]]></GPODomain><GPODomainGuid><![CDATA[{bf56951f-980e-499d-b9e7-6061f502a540}]]></GPODomainGuid><GPODomainController><![CDATA[WIN-DL8YGSMNXQ1.wgu1.com]]></GPODomainController><BackupTime><![CDATA[2015-01-28T04:42:17]]></BackupTime><ID><![CDATA[{5EAB6990-5C1B-415A-AD90-6F2B3F624423}]]></ID><Comment><![CDATA[]]></Comment><GPODisplayName><![CDATA[B 7]]></GPODisplayName></BackupInst></Backups>