<Backups xmlns="http://www.microsoft.com/GroupPolicy/GPOOperations/Manifest" xmlns:mfst="http://www.microsoft.com/GroupPolicy/GPOOperations/Manifest" mfst:version="1.0"><BackupInst><GPOGuid><![CDATA[{763185F9-6F8B-4973-B4E1-C32466B649B5}]]></GPOGuid><GPODomain><![CDATA[wgu1.com]]></GPODomain><GPODomainGuid><![CDATA[{bf56951f-980e-499d-b9e7-6061f502a540}]]></GPODomainGuid><GPODomainController><![CDATA[WIN-DL8YGSMNXQ1.wgu1.com]]></GPODomainController><BackupTime><![CDATA[2015-01-28T04:41:32]]></BackupTime><ID><![CDATA[{FFE219B2-BA88-4245-9403-3CBF66241DE2}]]></ID><Comment><![CDATA[]]></Comment><GPODisplayName><![CDATA[B 2000 DC]]></GPODisplayName></BackupInst></Backups>