<BackupInst xmlns="http://www.microsoft.com/GroupPolicy/GPOOperations/Manifest"><GPOGuid><![CDATA[{2DB1FC73-BEA9-4A81-A5A8-D92F22896A9A}]]></GPOGuid><GPODomain><![CDATA[wgu1.com]]></GPODomain><GPODomainGuid><![CDATA[{bf56951f-980e-499d-b9e7-6061f502a540}]]></GPODomainGuid><GPODomainController><![CDATA[WIN-DL8YGSMNXQ1.wgu1.com]]></GPODomainController><BackupTime><![CDATA[2015-01-26T00:03:38]]></BackupTime><ID><![CDATA[{80A6C15B-3E71-4686-951A-047BC43A2285}]]></ID><Comment><![CDATA[]]></Comment><GPODisplayName><![CDATA[WGU Vista]]></GPODisplayName></BackupInst>
