<BackupInst xmlns="http://www.microsoft.com/GroupPolicy/GPOOperations/Manifest"><GPOGuid><![CDATA[{652BB7F0-A147-49FF-AA97-151AD5EC454E}]]></GPOGuid><GPODomain><![CDATA[wgu1.com]]></GPODomain><GPODomainGuid><![CDATA[{bf56951f-980e-499d-b9e7-6061f502a540}]]></GPODomainGuid><GPODomainController><![CDATA[WIN-DL8YGSMNXQ1.wgu1.com]]></GPODomainController><BackupTime><![CDATA[2015-01-28T04:43:21]]></BackupTime><ID><![CDATA[{6A102E57-B345-46BB-8B84-6261B2212A5B}]]></ID><Comment><![CDATA[]]></Comment><GPODisplayName><![CDATA[WGU 2003 DC]]></GPODisplayName></BackupInst>
