<BackupInst xmlns="http://www.microsoft.com/GroupPolicy/GPOOperations/Manifest"><GPOGuid><![CDATA[{5222FE01-8E18-47BF-A5E7-D8DA8D63290F}]]></GPOGuid><GPODomain><![CDATA[wgu1.com]]></GPODomain><GPODomainGuid><![CDATA[{bf56951f-980e-499d-b9e7-6061f502a540}]]></GPODomainGuid><GPODomainController><![CDATA[WIN-DL8YGSMNXQ1.wgu1.com]]></GPODomainController><BackupTime><![CDATA[2015-01-28T05:28:58]]></BackupTime><ID><![CDATA[{197EF03B-C88F-444B-9866-2D7434F1DC18}]]></ID><Comment><![CDATA[]]></Comment><GPODisplayName><![CDATA[B SRP]]></GPODisplayName></BackupInst>
