<BackupInst xmlns="http://www.microsoft.com/GroupPolicy/GPOOperations/Manifest"><GPOGuid><![CDATA[{EB4584D9-45ED-449C-BA90-BD0A56AB4D7C}]]></GPOGuid><GPODomain><![CDATA[wgu1.com]]></GPODomain><GPODomainGuid><![CDATA[{bf56951f-980e-499d-b9e7-6061f502a540}]]></GPODomainGuid><GPODomainController><![CDATA[WIN-DL8YGSMNXQ1.wgu1.com]]></GPODomainController><BackupTime><![CDATA[2015-01-28T04:33:18]]></BackupTime><ID><![CDATA[{6D56C245-DDB4-4629-88D4-4AFD3DA52460}]]></ID><Comment><![CDATA[]]></Comment><GPODisplayName><![CDATA[WGU XP]]></GPODisplayName></BackupInst>
