<BackupInst xmlns="http://www.microsoft.com/GroupPolicy/GPOOperations/Manifest"><GPOGuid><![CDATA[{436E6CB6-3459-4149-9799-171798EE4239}]]></GPOGuid><GPODomain><![CDATA[wgu1.com]]></GPODomain><GPODomainGuid><![CDATA[{bf56951f-980e-499d-b9e7-6061f502a540}]]></GPODomainGuid><GPODomainController><![CDATA[WIN-DL8YGSMNXQ1.wgu1.com]]></GPODomainController><BackupTime><![CDATA[2015-01-28T04:42:42]]></BackupTime><ID><![CDATA[{6D2BAFFB-B691-462B-8989-D2C86CA2E9E6}]]></ID><Comment><![CDATA[]]></Comment><GPODisplayName><![CDATA[B IE]]></GPODisplayName></BackupInst>
