<BackupInst xmlns="http://www.microsoft.com/GroupPolicy/GPOOperations/Manifest"><GPOGuid><![CDATA[{F4AC24E5-4FBE-4506-9745-9A9DF263E44D}]]></GPOGuid><GPODomain><![CDATA[wgu1.com]]></GPODomain><GPODomainGuid><![CDATA[{bf56951f-980e-499d-b9e7-6061f502a540}]]></GPODomainGuid><GPODomainController><![CDATA[WIN-DL8YGSMNXQ1.wgu1.com]]></GPODomainController><BackupTime><![CDATA[2015-01-28T04:11:47]]></BackupTime><ID><![CDATA[{5A59CFC9-AE18-4917-9E5A-CD5F07A9EA82}]]></ID><Comment><![CDATA[]]></Comment><GPODisplayName><![CDATA[WGU 2012 DC]]></GPODisplayName></BackupInst>
