<BackupInst xmlns="http://www.microsoft.com/GroupPolicy/GPOOperations/Manifest">
  <GPOGuid><![CDATA[{96BB1CBE-E589-4397-B3B8-738257D66897}]]></GPOGuid>
  <GPODomain><![CDATA[contoso.com]]></GPODomain>
  <GPODomainGuid><![CDATA[{970dc492-9663-4ce1-ba13-2ce7e1ef72d7}]]></GPODomainGuid>
  <GPODomainController><![CDATA[SASC-WS08-DC01.sasc.contoso.com]]></GPODomainController>
  <BackupTime>2015-01-25T18:20:15</BackupTime>
  <ID>{ac772a04-d943-454b-8bb2-0a5443eaa44a}</ID>
  <Comment>Imported GPO</Comment>
  <GPODisplayName>WGU IE</GPODisplayName>
</BackupInst>