<Backups xmlns="http://www.microsoft.com/GroupPolicy/GPOOperations/Manifest" xmlns:mfst="http://www.microsoft.com/GroupPolicy/GPOOperations/Manifest" mfst:version="1.0"><BackupInst><GPOGuid><![CDATA[{77D5ED07-24B0-4D1D-8137-AB425067693E}]]></GPOGuid><GPODomain><![CDATA[wgu1.com]]></GPODomain><GPODomainGuid><![CDATA[{bf56951f-980e-499d-b9e7-6061f502a540}]]></GPODomainGuid><GPODomainController><![CDATA[WIN-DL8YGSMNXQ1.wgu1.com]]></GPODomainController><BackupTime><![CDATA[2015-01-28T04:42:07]]></BackupTime><ID><![CDATA[{580715CB-FFA4-4337-984A-13EEE387B684}]]></ID><Comment><![CDATA[]]></Comment><GPODisplayName><![CDATA[B 2012 DC]]></GPODisplayName></BackupInst></Backups>