<BackupInst xmlns="http://www.microsoft.com/GroupPolicy/GPOOperations/Manifest"><GPOGuid><![CDATA[{1C2E6A6A-38E4-4241-B6EF-E0B2A52E2A8F}]]></GPOGuid><GPODomain><![CDATA[wgu1.com]]></GPODomain><GPODomainGuid><![CDATA[{bf56951f-980e-499d-b9e7-6061f502a540}]]></GPODomainGuid><GPODomainController><![CDATA[WIN-DL8YGSMNXQ1.wgu1.com]]></GPODomainController><BackupTime><![CDATA[2015-01-28T04:41:52]]></BackupTime><ID><![CDATA[{0B77091F-BF4A-473E-8D5F-A68A58BE379C}]]></ID><Comment><![CDATA[]]></Comment><GPODisplayName><![CDATA[B 2008 DC]]></GPODisplayName></BackupInst>
