<Backups xmlns="http://www.microsoft.com/GroupPolicy/GPOOperations/Manifest" xmlns:mfst="http://www.microsoft.com/GroupPolicy/GPOOperations/Manifest" mfst:version="1.0"><BackupInst><GPOGuid><![CDATA[{EB4584D9-45ED-449C-BA90-BD0A56AB4D7C}]]></GPOGuid><GPODomain><![CDATA[wgu1.com]]></GPODomain><GPODomainGuid><![CDATA[{bf56951f-980e-499d-b9e7-6061f502a540}]]></GPODomainGuid><GPODomainController><![CDATA[WIN-DL8YGSMNXQ1.wgu1.com]]></GPODomainController><BackupTime><![CDATA[2015-01-28T04:44:17]]></BackupTime><ID><![CDATA[{EBB8753D-E5DC-40FE-9A1A-2A8AF4F3D99F}]]></ID><Comment><![CDATA[]]></Comment><GPODisplayName><![CDATA[WGU XP]]></GPODisplayName></BackupInst><BackupInst><GPOGuid><![CDATA[{EB4584D9-45ED-449C-BA90-BD0A56AB4D7C}]]></GPOGuid><GPODomain><![CDATA[wgu1.com]]></GPODomain><GPODomainGuid><![CDATA[{bf56951f-980e-499d-b9e7-6061f502a540}]]></GPODomainGuid><GPODomainController><![CDATA[WIN-DL8YGSMNXQ1.wgu1.com]]></GPODomainController><BackupTime><![CDATA[2015-01-28T04:33:18]]></BackupTime><ID><![CDATA[{6D56C245-DDB4-4629-88D4-4AFD3DA52460}]]></ID><Comment><![CDATA[]]></Comment><GPODisplayName><![CDATA[WGU XP]]></GPODisplayName></BackupInst><BackupInst><GPOGuid><![CDATA[{EB4584D9-45ED-449C-BA90-BD0A56AB4D7C}]]></GPOGuid><GPODomain><![CDATA[wgu1.com]]></GPODomain><GPODomainGuid><![CDATA[{bf56951f-980e-499d-b9e7-6061f502a540}]]></GPODomainGuid><GPODomainController><![CDATA[WIN-DL8YGSMNXQ1.wgu1.com]]></GPODomainController><BackupTime><![CDATA[2015-01-26T00:03:53]]></BackupTime><ID><![CDATA[{6B28182D-FDB5-48F7-B721-FB96E2EA87F6}]]></ID><Comment><![CDATA[]]></Comment><GPODisplayName><![CDATA[WGU XP]]></GPODisplayName></BackupInst></Backups>