<Backups xmlns="http://www.microsoft.com/GroupPolicy/GPOOperations/Manifest" xmlns:mfst="http://www.microsoft.com/GroupPolicy/GPOOperations/Manifest" mfst:version="1.0"><BackupInst><GPOGuid><![CDATA[{652BB7F0-A147-49FF-AA97-151AD5EC454E}]]></GPOGuid><GPODomain><![CDATA[wgu1.com]]></GPODomain><GPODomainGuid><![CDATA[{bf56951f-980e-499d-b9e7-6061f502a540}]]></GPODomainGuid><GPODomainController><![CDATA[WIN-DL8YGSMNXQ1.wgu1.com]]></GPODomainController><BackupTime><![CDATA[2015-01-28T04:43:21]]></BackupTime><ID><![CDATA[{6A102E57-B345-46BB-8B84-6261B2212A5B}]]></ID><Comment><![CDATA[]]></Comment><GPODisplayName><![CDATA[WGU 2003 DC]]></GPODisplayName></BackupInst><BackupInst><GPOGuid><![CDATA[{652BB7F0-A147-49FF-AA97-151AD5EC454E}]]></GPOGuid><GPODomain><![CDATA[wgu1.com]]></GPODomain><GPODomainGuid><![CDATA[{bf56951f-980e-499d-b9e7-6061f502a540}]]></GPODomainGuid><GPODomainController><![CDATA[WIN-DL8YGSMNXQ1.wgu1.com]]></GPODomainController><BackupTime><![CDATA[2015-01-26T00:01:50]]></BackupTime><ID><![CDATA[{465CA1D9-5BF2-4C38-BA59-4A531F55C7C0}]]></ID><Comment><![CDATA[]]></Comment><GPODisplayName><![CDATA[WGU 2003 DC]]></GPODisplayName></BackupInst></Backups>