<Backups xmlns="http://www.microsoft.com/GroupPolicy/GPOOperations/Manifest" xmlns:mfst="http://www.microsoft.com/GroupPolicy/GPOOperations/Manifest" mfst:version="1.0"><BackupInst><GPOGuid><![CDATA[{49F41A09-E2E9-472D-A56C-D34DE0D235C6}]]></GPOGuid><GPODomain><![CDATA[wgu1.com]]></GPODomain><GPODomainGuid><![CDATA[{bf56951f-980e-499d-b9e7-6061f502a540}]]></GPODomainGuid><GPODomainController><![CDATA[WIN-DL8YGSMNXQ1.wgu1.com]]></GPODomainController><BackupTime><![CDATA[2015-01-28T04:43:55]]></BackupTime><ID><![CDATA[{271D0B46-2365-4CE5-AD48-DA9A2E7BD7F1}]]></ID><Comment><![CDATA[]]></Comment><GPODisplayName><![CDATA[WGU 8]]></GPODisplayName></BackupInst><BackupInst><GPOGuid><![CDATA[{49F41A09-E2E9-472D-A56C-D34DE0D235C6}]]></GPOGuid><GPODomain><![CDATA[wgu1.com]]></GPODomain><GPODomainGuid><![CDATA[{bf56951f-980e-499d-b9e7-6061f502a540}]]></GPODomainGuid><GPODomainController><![CDATA[WIN-DL8YGSMNXQ1.wgu1.com]]></GPODomainController><BackupTime><![CDATA[2015-01-28T04:21:37]]></BackupTime><ID><![CDATA[{6CEE5508-AD1D-4C47-BF74-5ABB9EC6C27B}]]></ID><Comment><![CDATA[]]></Comment><GPODisplayName><![CDATA[WGU 8]]></GPODisplayName></BackupInst><BackupInst><GPOGuid><![CDATA[{49F41A09-E2E9-472D-A56C-D34DE0D235C6}]]></GPOGuid><GPODomain><![CDATA[wgu1.com]]></GPODomain><GPODomainGuid><![CDATA[{bf56951f-980e-499d-b9e7-6061f502a540}]]></GPODomainGuid><GPODomainController><![CDATA[WIN-DL8YGSMNXQ1.wgu1.com]]></GPODomainController><BackupTime><![CDATA[2015-01-26T00:03:23]]></BackupTime><ID><![CDATA[{C01EEE47-BBFE-4251-A356-E7A9BA98201E}]]></ID><Comment><![CDATA[]]></Comment><GPODisplayName><![CDATA[WGU 8]]></GPODisplayName></BackupInst></Backups>