<BackupInst xmlns="http://www.microsoft.com/GroupPolicy/GPOOperations/Manifest"><GPOGuid><![CDATA[{49F41A09-E2E9-472D-A56C-D34DE0D235C6}]]></GPOGuid><GPODomain><![CDATA[wgu1.com]]></GPODomain><GPODomainGuid><![CDATA[{bf56951f-980e-499d-b9e7-6061f502a540}]]></GPODomainGuid><GPODomainController><![CDATA[WIN-DL8YGSMNXQ1.wgu1.com]]></GPODomainController><BackupTime><![CDATA[2015-01-28T04:21:37]]></BackupTime><ID><![CDATA[{6CEE5508-AD1D-4C47-BF74-5ABB9EC6C27B}]]></ID><Comment><![CDATA[]]></Comment><GPODisplayName><![CDATA[WGU 8]]></GPODisplayName></BackupInst>
