<BackupInst xmlns="http://www.microsoft.com/GroupPolicy/GPOOperations/Manifest"><GPOGuid><![CDATA[{04919F3C-8A86-43EF-8FCA-A853B08FB558}]]></GPOGuid><GPODomain><![CDATA[wgu1.com]]></GPODomain><GPODomainGuid><![CDATA[{bf56951f-980e-499d-b9e7-6061f502a540}]]></GPODomainGuid><GPODomainController><![CDATA[WIN-DL8YGSMNXQ1.wgu1.com]]></GPODomainController><BackupTime><![CDATA[2015-01-28T04:43:09]]></BackupTime><ID><![CDATA[{C6D411B1-0502-4970-A938-846A16485FED}]]></ID><Comment><![CDATA[]]></Comment><GPODisplayName><![CDATA[B XP]]></GPODisplayName></BackupInst>
