<BackupInst xmlns="http://www.microsoft.com/GroupPolicy/GPOOperations/Manifest"><GPOGuid><![CDATA[{31B2F340-016D-11D2-945F-00C04FB984F9}]]></GPOGuid><GPODomain><![CDATA[team.local]]></GPODomain><GPODomainGuid><![CDATA[{fc04c153-8ad6-49a1-ad29-40d7af062f3d}]]></GPODomainGuid><GPODomainController><![CDATA[domaincontroller.team.local]]></GPODomainController><BackupTime><![CDATA[2014-01-31T02:43:26]]></BackupTime><ID><![CDATA[{8109941E-871F-4B42-9D7E-268335459231}]]></ID><Comment><![CDATA[Default Domain Policy]]></Comment><GPODisplayName><![CDATA[Default Domain Policy]]></GPODisplayName></BackupInst>
