<BackupInst xmlns="http://www.microsoft.com/GroupPolicy/GPOOperations/Manifest"><GPOGuid><![CDATA[{49F41A09-E2E9-472D-A56C-D34DE0D235C6}]]></GPOGuid><GPODomain><![CDATA[wgu1.com]]></GPODomain><GPODomainGuid><![CDATA[{bf56951f-980e-499d-b9e7-6061f502a540}]]></GPODomainGuid><GPODomainController><![CDATA[WIN-DL8YGSMNXQ1.wgu1.com]]></GPODomainController><BackupTime><![CDATA[2015-01-26T00:03:23]]></BackupTime><ID><![CDATA[{C01EEE47-BBFE-4251-A356-E7A9BA98201E}]]></ID><Comment><![CDATA[]]></Comment><GPODisplayName><![CDATA[WGU 8]]></GPODisplayName></BackupInst>
