<BackupInst xmlns="http://www.microsoft.com/GroupPolicy/GPOOperations/Manifest"><GPOGuid><![CDATA[{8FBBC3C5-BE86-4C0B-9675-0399A9FC754C}]]></GPOGuid><GPODomain><![CDATA[wgu1.com]]></GPODomain><GPODomainGuid><![CDATA[{bf56951f-980e-499d-b9e7-6061f502a540}]]></GPODomainGuid><GPODomainController><![CDATA[WIN-DL8YGSMNXQ1.wgu1.com]]></GPODomainController><BackupTime><![CDATA[2015-01-28T04:42:56]]></BackupTime><ID><![CDATA[{7A6714D7-E106-4E15-BDB3-90CF1D5B2F3D}]]></ID><Comment><![CDATA[]]></Comment><GPODisplayName><![CDATA[B Vista]]></GPODisplayName></BackupInst>
