<BackupInst xmlns="http://www.microsoft.com/GroupPolicy/GPOOperations/Manifest"><GPOGuid><![CDATA[{4E2F7078-6728-4158-B786-E5F77F3E372C}]]></GPOGuid><GPODomain><![CDATA[wgu1.com]]></GPODomain><GPODomainGuid><![CDATA[{bf56951f-980e-499d-b9e7-6061f502a540}]]></GPODomainGuid><GPODomainController><![CDATA[WIN-DL8YGSMNXQ1.wgu1.com]]></GPODomainController><BackupTime><![CDATA[2015-01-26T00:03:01]]></BackupTime><ID><![CDATA[{CF4A3B5B-F320-4993-91B1-96F77F8302ED}]]></ID><Comment><![CDATA[]]></Comment><GPODisplayName><![CDATA[WGU 7]]></GPODisplayName></BackupInst>
