<BackupInst xmlns="http://www.microsoft.com/GroupPolicy/GPOOperations/Manifest"><GPOGuid><![CDATA[{652BB7F0-A147-49FF-AA97-151AD5EC454E}]]></GPOGuid><GPODomain><![CDATA[wgu1.com]]></GPODomain><GPODomainGuid><![CDATA[{bf56951f-980e-499d-b9e7-6061f502a540}]]></GPODomainGuid><GPODomainController><![CDATA[WIN-DL8YGSMNXQ1.wgu1.com]]></GPODomainController><BackupTime><![CDATA[2015-01-28T03:17:42]]></BackupTime><ID><![CDATA[{E170105C-72FA-484C-9597-A2E02FB91FC4}]]></ID><Comment><![CDATA[]]></Comment><GPODisplayName><![CDATA[WGU 2003 DC]]></GPODisplayName></BackupInst>
