<BackupInst xmlns="http://www.microsoft.com/GroupPolicy/GPOOperations/Manifest"><GPOGuid><![CDATA[{B17D23AD-64DE-4F96-A501-EBBE84C1D229}]]></GPOGuid><GPODomain><![CDATA[wgu1.com]]></GPODomain><GPODomainGuid><![CDATA[{bf56951f-980e-499d-b9e7-6061f502a540}]]></GPODomainGuid><GPODomainController><![CDATA[WIN-DL8YGSMNXQ1.wgu1.com]]></GPODomainController><BackupTime><![CDATA[2015-01-26T00:10:55]]></BackupTime><ID><![CDATA[{08784AE5-A699-4443-A34B-9B396D73766E}]]></ID><Comment><![CDATA[]]></Comment><GPODisplayName><![CDATA[WGU 2008 DC]]></GPODisplayName></BackupInst>
