<Backups xmlns="http://www.microsoft.com/GroupPolicy/GPOOperations/Manifest" xmlns:mfst="http://www.microsoft.com/GroupPolicy/GPOOperations/Manifest" mfst:version="1.0"><BackupInst><GPOGuid><![CDATA[{2F674191-610A-4E5E-8762-3F555C6F49B5}]]></GPOGuid><GPODomain><![CDATA[wgu1.com]]></GPODomain><GPODomainGuid><![CDATA[{bf56951f-980e-499d-b9e7-6061f502a540}]]></GPODomainGuid><GPODomainController><![CDATA[WIN-DL8YGSMNXQ1.wgu1.com]]></GPODomainController><BackupTime><![CDATA[2015-01-28T04:42:29]]></BackupTime><ID><![CDATA[{495CFEF5-55CE-4388-9B15-CCE9A6014398}]]></ID><Comment><![CDATA[]]></Comment><GPODisplayName><![CDATA[B 8]]></GPODisplayName></BackupInst></Backups>