<Backups xmlns="http://www.microsoft.com/GroupPolicy/GPOOperations/Manifest" xmlns:mfst="http://www.microsoft.com/GroupPolicy/GPOOperations/Manifest" mfst:version="1.0"><BackupInst><GPOGuid><![CDATA[{16389215-7196-486F-AC23-2059A7D3B198}]]></GPOGuid><GPODomain><![CDATA[wgu1.com]]></GPODomain><GPODomainGuid><![CDATA[{bf56951f-980e-499d-b9e7-6061f502a540}]]></GPODomainGuid><GPODomainController><![CDATA[WIN-DL8YGSMNXQ1.wgu1.com]]></GPODomainController><BackupTime><![CDATA[2015-01-29T02:13:01]]></BackupTime><ID><![CDATA[{B059F697-3526-402F-BD06-2348D14616AB}]]></ID><Comment><![CDATA[]]></Comment><GPODisplayName><![CDATA[WGU SRP]]></GPODisplayName></BackupInst><BackupInst><GPOGuid><![CDATA[{16389215-7196-486F-AC23-2059A7D3B198}]]></GPOGuid><GPODomain><![CDATA[wgu1.com]]></GPODomain><GPODomainGuid><![CDATA[{bf56951f-980e-499d-b9e7-6061f502a540}]]></GPODomainGuid><GPODomainController><![CDATA[WIN-DL8YGSMNXQ1.wgu1.com]]></GPODomainController><BackupTime><![CDATA[2015-01-28T05:28:04]]></BackupTime><ID><![CDATA[{D6890B85-34B5-45E8-AC71-492F379D4C11}]]></ID><Comment><![CDATA[]]></Comment><GPODisplayName><![CDATA[WGU SRP]]></GPODisplayName></BackupInst></Backups>