<BackupInst xmlns="http://www.microsoft.com/GroupPolicy/GPOOperations/Manifest"><GPOGuid><![CDATA[{49F41A09-E2E9-472D-A56C-D34DE0D235C6}]]></GPOGuid><GPODomain><![CDATA[wgu1.com]]></GPODomain><GPODomainGuid><![CDATA[{bf56951f-980e-499d-b9e7-6061f502a540}]]></GPODomainGuid><GPODomainController><![CDATA[WIN-DL8YGSMNXQ1.wgu1.com]]></GPODomainController><BackupTime><![CDATA[2015-01-28T04:43:55]]></BackupTime><ID><![CDATA[{271D0B46-2365-4CE5-AD48-DA9A2E7BD7F1}]]></ID><Comment><![CDATA[]]></Comment><GPODisplayName><![CDATA[WGU 8]]></GPODisplayName></BackupInst>
