<BackupInst xmlns="http://www.microsoft.com/GroupPolicy/GPOOperations/Manifest"><GPOGuid><![CDATA[{EB4584D9-45ED-449C-BA90-BD0A56AB4D7C}]]></GPOGuid><GPODomain><![CDATA[wgu1.com]]></GPODomain><GPODomainGuid><![CDATA[{bf56951f-980e-499d-b9e7-6061f502a540}]]></GPODomainGuid><GPODomainController><![CDATA[WIN-DL8YGSMNXQ1.wgu1.com]]></GPODomainController><BackupTime><![CDATA[2015-01-26T00:03:53]]></BackupTime><ID><![CDATA[{6B28182D-FDB5-48F7-B721-FB96E2EA87F6}]]></ID><Comment><![CDATA[]]></Comment><GPODisplayName><![CDATA[WGU XP]]></GPODisplayName></BackupInst>
